edition_id,ad_category,Ad Revenue,Year,Quarter_no,Start date qtr
ED1005,A001,2035232.1,2023,2,04-01-2023
ED1001,A001,4790190,2024,2,04-01-2024
ED1006,A001,1555116,2021,3,07-01-2021
ED1006,A001,1034680,2024,4,10-01-2024
ED1010,A001,2750538,2022,1,01-01-2022
ED1005,A001,2013545,2021,4,10-01-2021
ED1004,A001,4448644,2022,1,01-01-2022
ED1003,A001,4048442,2024,3,07-01-2024
ED1009,A001,2561869,2024,1,01-01-2024
ED1010,A001,2354447,2024,3,07-01-2024
ED1008,A001,1388920,2024,2,04-01-2024
ED1006,A001,4624468,2023,3,07-01-2023
ED1002,A001,1982122,2019,1,01-01-2019
ED1005,A001,3430992,2023,3,07-01-2023
ED1010,A001,4245606.87,2019,2,04-01-2019
ED1002,A001,3111682,2019,2,04-01-2019
ED1002,A001,1158282,2023,4,10-01-2023
ED1005,A001,3610193,2024,2,04-01-2024
ED1003,A001,1557675,2024,4,10-01-2024
ED1002,A001,3501339.23,2020,1,01-01-2020
ED1004,A001,4335023,2021,4,10-01-2021
ED1010,A001,1918764,2019,3,07-01-2019
ED1003,A001,1925406.9,2019,4,10-01-2019
ED1010,A001,4089376.8,2020,3,07-01-2020
ED1006,A001,1282723,2020,4,10-01-2020
ED1003,A001,3213538,2019,2,04-01-2019
ED1008,A001,2523860,2021,3,07-01-2021
ED1009,A001,4178617.2,2019,2,04-01-2019
ED1005,A001,4085719,2023,3,07-01-2023
ED1005,A001,4141532.34,2020,3,07-01-2020
ED1005,A001,3826439,2019,4,10-01-2019
ED1008,A001,3729500,2022,4,10-01-2022
ED1004,A001,2759067,2020,2,04-01-2020
ED1004,A001,2002841.1,2020,3,07-01-2020
ED1001,A001,2181244.98,2019,1,01-01-2019
ED1005,A001,2103081.3,2020,4,10-01-2020
ED1007,A001,2411207,2020,3,07-01-2020
ED1006,A001,1744690,2022,1,01-01-2022
ED1009,A001,4564855,2022,4,10-01-2022
ED1005,A001,3003364,2019,3,07-01-2019
ED1001,A001,2534011,2024,4,10-01-2024
ED1006,A001,4998136,2024,1,01-01-2024
ED1005,A001,3636766.18,2022,4,10-01-2022
ED1001,A001,4524919,2019,3,07-01-2019
ED1003,A001,3230011,2020,3,07-01-2020
ED1006,A001,3268013.4,2021,4,10-01-2021
ED1001,A001,2794391,2022,2,04-01-2022
ED1007,A001,3145545.62,2021,3,07-01-2021
ED1005,A001,3651515.28,2022,1,01-01-2022
ED1004,A001,2528693.1,2022,2,04-01-2022
ED1009,A001,2359014.3,2024,2,04-01-2024
ED1001,A001,2333715,2020,3,07-01-2020
ED1009,A001,1810174.39,2021,2,04-01-2021
ED1001,A001,4913337.72,2024,1,01-01-2024
ED1003,A001,2778716.33,2022,1,01-01-2022
ED1008,A001,1945999,2019,1,01-01-2019
ED1010,A001,2911019,2023,2,04-01-2023
ED1007,A001,3985309,2022,1,01-01-2022
ED1010,A001,4129448.37,2020,3,07-01-2020
ED1007,A001,2348389,2020,2,04-01-2020
ED1009,A001,3605109,2022,3,07-01-2022
ED1006,A001,4255942,2024,3,07-01-2024
ED1002,A001,1465133,2024,2,04-01-2024
ED1009,A001,2337161,2019,1,01-01-2019
ED1010,A001,3329154.9,2021,2,04-01-2021
ED1009,A001,4987124,2024,4,10-01-2024
ED1006,A001,4962145.87,2020,4,10-01-2020
ED1002,A001,2961688,2020,2,04-01-2020
ED1001,A001,3721926,2022,3,07-01-2022
ED1001,A001,3069870,2024,3,07-01-2024
ED1001,A001,4751420.4,2019,4,10-01-2019
ED1009,A001,3467112,2019,4,10-01-2019
ED1007,A001,2977322,2019,1,01-01-2019
ED1003,A001,4013954,2021,4,10-01-2021
ED1008,A001,2231616,2019,4,10-01-2019
ED1007,A001,2589267,2023,3,07-01-2023
ED1006,A001,1167061,2024,2,04-01-2024
ED1004,A001,4818857,2021,4,10-01-2021
ED1001,A001,1549024,2020,4,10-01-2020
ED1010,A001,3913874,2023,3,07-01-2023
ED1003,A001,4024129,2022,2,04-01-2022
ED1009,A001,2242474,2019,2,04-01-2019
ED1005,A001,4862574.09,2021,1,01-01-2021
ED1005,A001,2801446,2022,3,07-01-2022
ED1008,A001,2577548,2020,1,01-01-2020
ED1004,A001,4680238,2024,1,01-01-2024
ED1002,A001,3183906,2022,3,07-01-2022
ED1010,A001,1568648,2019,1,01-01-2019
ED1004,A001,3872634,2023,2,04-01-2023
ED1007,A001,4627248.3,2024,2,04-01-2024
ED1005,A001,4617146.7,2020,3,07-01-2020
ED1004,A001,1730145,2022,4,10-01-2022
ED1003,A001,3090535.2,2023,2,04-01-2023
ED1006,A001,2131710.3,2022,2,04-01-2022
ED1008,A001,1918131.66,2020,2,04-01-2020
ED1005,A001,3392352.9,2020,2,04-01-2020
ED1003,A001,4636340,2019,2,04-01-2019
ED1009,A001,4601761,2023,1,01-01-2023
ED1006,A001,1869968.7,2024,2,04-01-2024
ED1005,A001,2919960.75,2021,3,07-01-2021
ED1001,A001,2196738,2020,1,01-01-2020
ED1005,A001,1902929.4,2020,2,04-01-2020
ED1001,A001,2467151,2022,1,01-01-2022
ED1008,A001,1440157,2024,3,07-01-2024
ED1007,A001,2910074,2021,4,10-01-2021
ED1003,A001,3757473,2019,4,10-01-2019
ED1004,A001,4810814,2024,4,10-01-2024
ED1006,A001,2236757,2022,1,01-01-2022
ED1008,A001,3072966,2019,3,07-01-2019
ED1004,A001,4477898,2019,3,07-01-2019
ED1009,A001,4786886,2023,4,10-01-2023
ED1010,A001,1717472,2023,4,10-01-2023
ED1008,A001,2650525,2021,1,01-01-2021
ED1009,A001,1804797.65,2023,4,10-01-2023
ED1003,A001,1367443.26,2021,2,04-01-2021
ED1001,A001,1548511,2020,2,04-01-2020
ED1010,A001,1889735,2019,4,10-01-2019
ED1004,A001,3823559,2024,3,07-01-2024
ED1004,A001,4016088,2019,4,10-01-2019
ED1001,A001,4329900.9,2021,1,01-01-2021
ED1006,A001,3890750,2019,2,04-01-2019
ED1004,A001,3816051,2020,4,10-01-2020
ED1003,A001,4339638,2021,3,07-01-2021
ED1003,A001,4893012,2023,1,01-01-2023
ED1009,A001,2342218,2022,3,07-01-2022
ED1010,A001,2364194,2022,4,10-01-2022
ED1009,A001,2968799,2020,4,10-01-2020
ED1001,A001,4582286,2024,3,07-01-2024
ED1007,A001,3497742,2020,1,01-01-2020
ED1003,A001,3185748,2023,1,01-01-2023
ED1007,A001,2006650,2023,1,01-01-2023
ED1009,A001,4981686,2020,2,04-01-2020
ED1006,A001,4468958,2023,4,10-01-2023
ED1002,A001,4175234,2022,3,07-01-2022
ED1006,A001,3108487,2022,4,10-01-2022
ED1003,A001,4007884,2019,3,07-01-2019
ED1003,A001,2343727,2024,2,04-01-2024
ED1008,A001,4297881,2019,4,10-01-2019
ED1007,A001,4676770,2024,3,07-01-2024
ED1009,A001,2121905,2019,3,07-01-2019
ED1001,A001,2646788.4,2022,1,01-01-2022
ED1007,A001,1651218,2020,3,07-01-2020
ED1009,A001,4946735,2019,4,10-01-2019
ED1006,A001,1214892.9,2019,3,07-01-2019
ED1009,A001,3173394,2024,2,04-01-2024
ED1009,A001,2275804,2021,2,04-01-2021
ED1007,A001,2839161.91,2022,4,10-01-2022
ED1003,A001,4456931,2019,3,07-01-2019
ED1010,A001,2068935.3,2021,4,10-01-2021
ED1005,A001,2911066,2024,4,10-01-2024
ED1003,A001,2958468,2019,1,01-01-2019
ED1005,A001,3635048,2024,1,01-01-2024
ED1002,A001,1007440,2023,2,04-01-2023
ED1010,A001,1048719,2022,1,01-01-2022
ED1005,A001,1441950,2019,2,04-01-2019
ED1004,A001,3602816,2021,3,07-01-2021
ED1002,A001,4557145,2023,4,10-01-2023
ED1006,A001,2584494,2022,3,07-01-2022
ED1010,A001,4086798.3,2021,3,07-01-2021
ED1008,A001,3463201.8,2019,2,04-01-2019
ED1004,A001,1711910,2020,2,04-01-2020
ED1006,A001,3556118,2023,1,01-01-2023
ED1004,A001,4186647,2019,3,07-01-2019
ED1005,A001,3943869,2023,4,10-01-2023
ED1008,A001,4967532,2023,2,04-01-2023
ED1002,A001,2646238,2020,1,01-01-2020
ED1001,A001,2104949,2021,4,10-01-2021
ED1008,A001,2665096,2022,1,01-01-2022
ED1003,A001,4100855.4,2021,1,01-01-2021
ED1002,A001,2676615,2020,4,10-01-2020
ED1004,A001,2456742,2021,1,01-01-2021
ED1006,A001,1331211.27,2021,3,07-01-2021
ED1009,A001,2170763,2021,3,07-01-2021
ED1001,A001,3695135,2019,2,04-01-2019
ED1008,A001,4738474,2022,3,07-01-2022
ED1006,A001,2169207,2022,4,10-01-2022
ED1003,A001,1973364,2023,3,07-01-2023
ED1002,A001,1394357,2024,1,01-01-2024
ED1001,A001,3966415,2021,2,04-01-2021
ED1009,A001,1931322.6,2023,3,07-01-2023
ED1007,A001,1612425,2023,4,10-01-2023
ED1006,A001,1623335,2020,3,07-01-2020
ED1005,A001,3028754.66,2019,1,01-01-2019
ED1008,A001,1271035,2020,2,04-01-2020
ED1001,A001,1671465.6,2024,2,04-01-2024
ED1001,A001,3205772,2022,2,04-01-2022
ED1006,A001,3687266,2020,3,07-01-2020
ED1003,A001,4205147,2022,3,07-01-2022
ED1005,A001,2150662,2023,1,01-01-2023
ED1007,A001,1338225,2020,4,10-01-2020
ED1003,A001,2948726,2023,4,10-01-2023
ED1003,A001,2045271,2020,2,04-01-2020
ED1008,A001,1347286.71,2023,2,04-01-2023
ED1007,A001,3711664,2022,3,07-01-2022
ED1006,A001,2346274.8,2021,2,04-01-2021
ED1002,A001,2936467,2019,3,07-01-2019
ED1003,A001,2737628.1,2024,1,01-01-2024
ED1002,A001,3384251.96,2020,3,07-01-2020
ED1006,A001,4989760,2021,2,04-01-2021
ED1009,A001,2630209,2024,4,10-01-2024
ED1003,A001,1450598,2022,4,10-01-2022
ED1007,A001,2773154,2022,3,07-01-2022
ED1008,A001,3299670.9,2019,3,07-01-2019
ED1008,A001,1294633,2023,3,07-01-2023
ED1005,A001,1298054,2021,1,01-01-2021
ED1007,A001,3988570.81,2021,2,04-01-2021
ED1004,A001,4137507,2024,1,01-01-2024
ED1006,A001,4951068,2021,1,01-01-2021
ED1006,A001,1928197,2023,2,04-01-2023
ED1006,A001,4563048,2020,1,01-01-2020
ED1007,A001,1095249,2021,1,01-01-2021
ED1002,A001,2867547,2023,1,01-01-2023
ED1001,A001,2179280,2020,3,07-01-2020
ED1010,A001,4449285,2023,2,04-01-2023
ED1004,A001,2931739.28,2023,3,07-01-2023
ED1001,A003,3709860,2023,3,07-01-2023
ED1007,A003,4297690.2,2020,4,10-01-2020
ED1001,A003,4571581,2024,2,04-01-2024
ED1002,A003,4450464,2021,2,04-01-2021
ED1005,A003,1348728,2022,2,04-01-2022
ED1006,A003,3066125,2019,3,07-01-2019
ED1007,A003,4542127,2022,4,10-01-2022
ED1006,A003,4644944,2023,4,10-01-2023
ED1007,A003,3348030,2024,1,01-01-2024
ED1002,A003,1245991,2024,2,04-01-2024
ED1008,A003,3746705.4,2020,3,07-01-2020
ED1009,A003,3950094,2020,2,04-01-2020
ED1005,A003,3296709.9,2022,2,04-01-2022
ED1001,A003,1890078,2019,4,10-01-2019
ED1002,A003,1433751,2019,3,07-01-2019
ED1008,A003,1837077,2020,4,10-01-2020
ED1006,A003,3928163,2023,1,01-01-2023
ED1010,A003,4763723,2024,3,07-01-2024
ED1001,A003,4270354,2021,3,07-01-2021
ED1007,A003,1940221,2021,1,01-01-2021
ED1001,A003,3552316,2023,3,07-01-2023
ED1003,A003,3459556,2024,2,04-01-2024
ED1005,A003,1351953,2023,1,01-01-2023
ED1008,A003,4520446,2022,3,07-01-2022
ED1005,A003,3322438,2019,2,04-01-2019
ED1003,A003,1554365,2022,1,01-01-2022
ED1004,A003,2928356,2020,3,07-01-2020
ED1002,A003,2557019,2020,3,07-01-2020
ED1006,A003,3737166,2020,2,04-01-2020
ED1010,A003,1120124.01,2019,2,04-01-2019
ED1010,A003,3846340,2021,1,01-01-2021
ED1004,A003,2571209,2019,3,07-01-2019
ED1003,A003,1592124,2020,4,10-01-2020
ED1002,A003,4511324,2024,1,01-01-2024
ED1008,A003,3633752.7,2021,2,04-01-2021
ED1001,A003,3639758,2021,1,01-01-2021
ED1008,A003,3344710,2022,1,01-01-2022
ED1004,A003,3383607,2022,3,07-01-2022
ED1008,A003,1477258.07,2022,4,10-01-2022
ED1005,A003,1847538,2020,1,01-01-2020
ED1006,A003,2926883,2024,4,10-01-2024
ED1002,A003,3019429,2022,1,01-01-2022
ED1004,A003,4207558.01,2024,2,04-01-2024
ED1006,A003,2509391.7,2021,4,10-01-2021
ED1004,A003,2686607,2023,1,01-01-2023
ED1005,A003,3801474,2024,3,07-01-2024
ED1007,A003,4953284,2019,1,01-01-2019
ED1007,A003,2332937,2019,3,07-01-2019
ED1004,A003,3249448,2020,4,10-01-2020
ED1005,A003,4888599,2021,3,07-01-2021
ED1002,A003,3595610.7,2021,3,07-01-2021
ED1003,A003,1298402,2024,3,07-01-2024
ED1002,A003,3465487.38,2020,3,07-01-2020
ED1001,A003,3740973,2019,3,07-01-2019
ED1008,A003,1665511,2022,2,04-01-2022
ED1010,A003,1340645.88,2022,2,04-01-2022
ED1008,A003,2351298,2021,4,10-01-2021
ED1010,A003,3899226,2023,1,01-01-2023
ED1002,A003,4071705.3,2024,3,07-01-2024
ED1001,A003,2543139,2021,2,04-01-2021
ED1003,A003,4134867,2020,4,10-01-2020
ED1009,A003,1897920,2023,2,04-01-2023
ED1003,A003,4248571,2021,4,10-01-2021
ED1007,A003,2702224,2020,3,07-01-2020
ED1002,A003,4972321,2019,4,10-01-2019
ED1001,A003,2221235,2020,4,10-01-2020
ED1006,A003,4808542.75,2023,2,04-01-2023
ED1004,A003,4925856,2023,4,10-01-2023
ED1004,A003,3419540,2021,3,07-01-2021
ED1005,A003,4959382.8,2019,3,07-01-2019
ED1008,A003,4324602,2021,1,01-01-2021
ED1004,A003,4453814.7,2023,1,01-01-2023
ED1005,A003,2724025,2022,3,07-01-2022
ED1006,A003,1849732.19,2019,1,01-01-2019
ED1003,A003,3053015,2023,4,10-01-2023
ED1008,A003,1402920,2023,3,07-01-2023
ED1006,A003,3648057,2022,4,10-01-2022
ED1002,A003,3306869.4,2019,2,04-01-2019
ED1004,A003,4887198,2024,1,01-01-2024
ED1006,A003,2592351,2023,1,01-01-2023
ED1004,A003,4094488.77,2023,3,07-01-2023
ED1005,A003,2915863,2019,1,01-01-2019
ED1010,A003,2070061,2024,2,04-01-2024
ED1005,A003,2092977.9,2023,4,10-01-2023
ED1010,A003,1967075,2022,2,04-01-2022
ED1010,A003,1788698,2024,4,10-01-2024
ED1009,A003,3652377,2021,1,01-01-2021
ED1007,A003,3451505.4,2024,1,01-01-2024
ED1005,A003,3299534,2024,1,01-01-2024
ED1003,A003,2257263,2021,4,10-01-2021
ED1010,A003,2784030.3,2022,3,07-01-2022
ED1002,A003,2427680.28,2023,2,04-01-2023
ED1010,A003,1813545,2022,3,07-01-2022
ED1006,A003,4734800,2024,2,04-01-2024
ED1002,A003,2524062.37,2024,4,10-01-2024
ED1001,A003,3607897,2020,3,07-01-2020
ED1003,A003,2319824,2021,2,04-01-2021
ED1005,A003,4958980,2021,1,01-01-2021
ED1010,A003,4013324,2020,4,10-01-2020
ED1008,A003,3602288,2021,3,07-01-2021
ED1004,A003,1918730.92,2021,2,04-01-2021
ED1005,A003,3280974.23,2019,4,10-01-2019
ED1010,A003,2361346,2021,3,07-01-2021
ED1003,A003,4221131,2021,2,04-01-2021
ED1010,A003,1433676,2019,4,10-01-2019
ED1001,A003,3106488,2020,2,04-01-2020
ED1010,A003,1971646,2024,4,10-01-2024
ED1007,A003,1113633,2020,2,04-01-2020
ED1007,A003,4650372.9,2019,2,04-01-2019
ED1002,A003,2708457,2020,4,10-01-2020
ED1005,A003,1069470,2020,1,01-01-2020
ED1007,A003,2937499,2023,3,07-01-2023
ED1007,A003,1917336,2023,2,04-01-2023
ED1009,A003,1446083,2020,3,07-01-2020
ED1001,A003,2783959,2019,2,04-01-2019
ED1008,A003,1589196,2022,1,01-01-2022
ED1001,A003,1621044,2023,1,01-01-2023
ED1007,A003,3509884,2023,1,01-01-2023
ED1007,A003,4541042.88,2019,4,10-01-2019
ED1010,A003,2435643,2020,1,01-01-2020
ED1002,A003,4173283,2021,1,01-01-2021
ED1004,A003,2938517,2024,4,10-01-2024
ED1004,A003,3494727,2022,4,10-01-2022
ED1004,A003,3304212,2020,1,01-01-2020
ED1001,A003,2194656.3,2022,1,01-01-2022
ED1006,A003,3054285.9,2019,4,10-01-2019
ED1009,A003,4435274.7,2021,4,10-01-2021
ED1002,A003,3689392,2023,3,07-01-2023
ED1008,A003,2036208.6,2021,1,01-01-2021
ED1009,A003,4964888.7,2022,3,07-01-2022
ED1007,A003,4780497,2022,4,10-01-2022
ED1003,A003,3877434,2020,3,07-01-2020
ED1008,A003,2873833,2019,3,07-01-2019
ED1006,A003,1422981,2019,2,04-01-2019
ED1006,A003,4605102.28,2020,4,10-01-2020
ED1010,A003,2035190,2019,1,01-01-2019
ED1009,A003,1813467,2022,2,04-01-2022
ED1002,A003,1126588,2019,1,01-01-2019
ED1010,A003,1962982,2022,4,10-01-2022
ED1002,A003,4966317,2022,4,10-01-2022
ED1001,A003,4669703,2023,2,04-01-2023
ED1006,A003,2121875.1,2022,3,07-01-2022
ED1010,A003,3085027,2021,2,04-01-2021
ED1007,A003,2155175.1,2023,4,10-01-2023
ED1004,A003,1805533,2022,1,01-01-2022
ED1001,A003,1935650,2023,4,10-01-2023
ED1002,A003,1132827,2022,2,04-01-2022
ED1008,A003,1284777,2020,1,01-01-2020
ED1006,A003,3619355.27,2023,3,07-01-2023
ED1008,A003,2913507,2024,3,07-01-2024
ED1007,A003,2287763.1,2019,3,07-01-2019
ED1004,A003,2164635,2023,1,01-01-2023
ED1010,A003,4185890,2020,3,07-01-2020
ED1005,A003,3257281,2022,1,01-01-2022
ED1009,A003,2446120,2021,4,10-01-2021
ED1002,A003,4493893,2024,4,10-01-2024
ED1006,A003,2973670,2022,2,04-01-2022
ED1002,A003,4109130.8,2023,1,01-01-2023
ED1003,A003,4711892,2022,2,04-01-2022
ED1007,A003,1040707,2019,3,07-01-2019
ED1009,A003,3068334,2024,1,01-01-2024
ED1008,A003,4979114.39,2023,3,07-01-2023
ED1004,A003,2572015,2019,2,04-01-2019
ED1009,A003,4684030,2021,2,04-01-2021
ED1009,A003,1371953,2020,3,07-01-2020
ED1006,A003,2891723.4,2021,1,01-01-2021
ED1004,A003,4961514,2023,2,04-01-2023
ED1007,A003,3719532.12,2024,2,04-01-2024
ED1009,A003,1593337.72,2023,1,01-01-2023
ED1009,A003,3242780,2024,3,07-01-2024
ED1004,A003,4130337,2022,3,07-01-2022
ED1004,A003,1226711,2024,3,07-01-2024
ED1006,A003,2831189.76,2021,1,01-01-2021
ED1008,A003,1629690,2019,1,01-01-2019
ED1010,A003,4195064.85,2020,2,04-01-2020
ED1009,A003,4592455,2022,1,01-01-2022
ED1009,A003,1968885.9,2019,1,01-01-2019
ED1004,A003,2138265.92,2021,1,01-01-2021
ED1009,A003,2349198,2021,3,07-01-2021
ED1008,A003,2692892.67,2023,1,01-01-2023
ED1006,A003,4117736,2022,1,01-01-2022
ED1009,A003,1478853,2024,2,04-01-2024
ED1008,A003,3310445.87,2024,4,10-01-2024
ED1007,A003,4974528,2024,4,10-01-2024
ED1001,A003,4772787,2022,4,10-01-2022
ED1006,A003,2504919.6,2021,3,07-01-2021
ED1007,A003,2336952,2024,3,07-01-2024
ED1002,A003,1283216,2024,3,07-01-2024
ED1002,A003,4724579,2023,3,07-01-2023
ED1001,A003,4541077,2020,1,01-01-2020
ED1003,A003,3610110.6,2020,1,01-01-2020
ED1004,A003,2265768,2019,1,01-01-2019
ED1004,A003,2039998,2021,4,10-01-2021
ED1007,A003,4260601,2021,2,04-01-2021
ED1010,A003,4377444,2024,4,10-01-2024
ED1002,A003,3150304,2021,4,10-01-2021
ED1008,A003,2818308.6,2024,1,01-01-2024
ED1008,A003,1096674,2023,4,10-01-2023
ED1001,A003,2530749.68,2021,4,10-01-2021
ED1008,A003,3170086,2019,2,04-01-2019
ED1007,A003,3184920,2020,4,10-01-2020
ED1005,A003,3078187.8,2023,2,04-01-2023
ED1005,A003,1190378,2021,2,04-01-2021
ED1010,A003,1682639,2024,2,04-01-2024
ED1008,A003,2895087,2024,1,01-01-2024
ED1004,A003,1463619,2022,1,01-01-2022
ED1003,A003,4320534,2022,4,10-01-2022
ED1005,A003,4163232,2023,3,07-01-2023
ED1005,A003,1986578,2020,3,07-01-2020
ED1005,A003,1214589.63,2022,3,07-01-2022
ED1003,A003,2368313,2024,4,10-01-2024
ED1007,A003,2062449,2021,4,10-01-2021
ED1002,A003,1418710.7,2021,3,07-01-2021
ED1005,A002,3267451.04,2019,1,01-01-2019
ED1003,A002,3400472.65,2023,3,07-01-2023
ED1003,A002,2719829,2019,1,01-01-2019
ED1005,A002,3071973,2019,2,04-01-2019
ED1010,A002,4669088,2023,4,10-01-2023
ED1007,A002,4955352,2020,2,04-01-2020
ED1001,A002,4489482.6,2022,2,04-01-2022
ED1004,A002,2576243,2022,3,07-01-2022
ED1003,A002,2270645.94,2024,4,10-01-2024
ED1001,A002,4288952,2021,4,10-01-2021
ED1002,A002,1924178,2023,1,01-01-2023
ED1005,A002,2445554,2023,1,01-01-2023
ED1009,A002,1356512.99,2019,3,07-01-2019
ED1005,A002,4107380,2020,1,01-01-2020
ED1001,A002,1295165,2023,1,01-01-2023
ED1010,A002,3077410,2021,1,01-01-2021
ED1007,A002,1537804,2019,2,04-01-2019
ED1003,A002,4525881,2024,3,07-01-2024
ED1006,A002,2708658,2021,4,10-01-2021
ED1002,A002,1663389.72,2019,4,10-01-2019
ED1004,A002,3079147,2021,3,07-01-2021
ED1008,A002,3852657,2021,2,04-01-2021
ED1003,A002,3981935,2023,1,01-01-2023
ED1010,A002,1276849.8,2020,1,01-01-2020
ED1003,A002,1691552,2021,3,07-01-2021
ED1005,A002,1142518,2024,1,01-01-2024
ED1003,A002,4929165.82,2024,2,04-01-2024
ED1004,A002,4826050,2019,4,10-01-2019
ED1009,A002,2975784.06,2022,4,10-01-2022
ED1005,A002,1962224,2022,2,04-01-2022
ED1001,A002,3378107.7,2024,1,01-01-2024
ED1006,A002,2946807,2021,2,04-01-2021
ED1007,A002,1122382.8,2021,3,07-01-2021
ED1002,A002,1298949,2024,2,04-01-2024
ED1002,A002,2756304,2022,1,01-01-2022
ED1001,A002,1013534,2023,2,04-01-2023
ED1010,A002,3156635.25,2021,3,07-01-2021
ED1005,A002,3851157,2021,3,07-01-2021
ED1004,A002,2403007,2021,2,04-01-2021
ED1007,A002,1706575,2024,3,07-01-2024
ED1001,A002,2506056,2021,2,04-01-2021
ED1003,A002,4699320,2021,3,07-01-2021
ED1005,A002,4315743.9,2024,3,07-01-2024
ED1007,A002,1488118,2022,1,01-01-2022
ED1007,A002,2247318,2022,1,01-01-2022
ED1009,A002,2887498.62,2020,4,10-01-2020
ED1002,A002,2499244,2019,1,01-01-2019
ED1008,A002,2997151,2022,3,07-01-2022
ED1010,A002,1312337.07,2022,1,01-01-2022
ED1004,A002,4062573,2019,1,01-01-2019
ED1007,A002,3266025,2023,2,04-01-2023
ED1008,A002,4837738,2019,2,04-01-2019
ED1007,A002,1680678,2021,4,10-01-2021
ED1006,A002,1398376.8,2020,3,07-01-2020
ED1001,A002,3587082,2019,4,10-01-2019
ED1004,A002,1288919,2019,2,04-01-2019
ED1009,A002,2110041,2023,2,04-01-2023
ED1009,A002,3094165.3,2021,1,01-01-2021
ED1004,A002,4595382,2024,3,07-01-2024
ED1006,A002,1634846,2019,1,01-01-2019
ED1002,A002,1330897,2020,2,04-01-2020
ED1009,A002,1568681,2021,4,10-01-2021
ED1002,A002,1697820,2022,4,10-01-2022
ED1002,A002,4180639,2023,2,04-01-2023
ED1009,A002,3922189,2020,1,01-01-2020
ED1004,A002,1901392,2020,4,10-01-2020
ED1004,A002,1363891,2020,1,01-01-2020
ED1005,A002,1539522,2022,4,10-01-2022
ED1004,A002,4114010,2023,4,10-01-2023
ED1006,A002,3740502,2022,3,07-01-2022
ED1002,A002,2362968,2021,4,10-01-2021
ED1009,A002,2545604,2024,3,07-01-2024
ED1006,A002,4673238,2019,1,01-01-2019
ED1003,A002,3429276,2022,2,04-01-2022
ED1006,A002,3038452,2019,4,10-01-2019
ED1010,A002,2432030,2024,1,01-01-2024
ED1010,A002,3008673,2023,3,07-01-2023
ED1009,A002,3683837,2019,3,07-01-2019
ED1001,A002,1366889.4,2021,1,01-01-2021
ED1003,A002,3206233.8,2021,1,01-01-2021
ED1002,A002,4148896.1,2023,3,07-01-2023
ED1005,A002,4410443,2023,2,04-01-2023
ED1002,A002,4984162,2022,2,04-01-2022
ED1001,A002,4878582,2023,4,10-01-2023
ED1004,A002,4738123.8,2022,2,04-01-2022
ED1003,A002,4872915,2022,4,10-01-2022
ED1008,A002,4506722,2024,4,10-01-2024
ED1003,A002,4550543,2022,1,01-01-2022
ED1010,A002,4967832,2022,4,10-01-2022
ED1007,A002,1370821,2019,4,10-01-2019
ED1001,A002,2720603.7,2023,1,01-01-2023
ED1003,A002,3019168.8,2020,1,01-01-2020
ED1010,A002,1354177.8,2022,3,07-01-2022
ED1009,A002,3964411,2022,1,01-01-2022
ED1007,A002,1421291,2023,1,01-01-2023
ED1005,A002,4111452.31,2020,4,10-01-2020
ED1008,A002,2053190.7,2020,2,04-01-2020
ED1007,A002,3620989,2024,2,04-01-2024
ED1006,A002,2067868.64,2024,1,01-01-2024
ED1010,A002,3132146.7,2019,3,07-01-2019
ED1002,A002,1079864.03,2024,3,07-01-2024
ED1008,A002,1144678,2020,4,10-01-2020
ED1004,A002,1148038,2022,4,10-01-2022
ED1005,A002,2139986.7,2019,4,10-01-2019
ED1007,A002,4532792,2019,1,01-01-2019
ED1009,A002,2835620,2024,1,01-01-2024
ED1003,A002,1889084,2019,2,04-01-2019
ED1008,A002,2511683,2021,4,10-01-2021
ED1003,A002,4246611,2022,3,07-01-2022
ED1003,A002,2682267,2023,2,04-01-2023
ED1003,A002,1602294,2023,4,10-01-2023
ED1006,A002,3736649,2023,3,07-01-2023
ED1010,A002,1689860.7,2019,2,04-01-2019
ED1010,A002,3081065,2023,1,01-01-2023
ED1007,A002,3446022,2019,4,10-01-2019
ED1006,A002,4145708.07,2020,1,01-01-2020
ED1004,A002,3819143.7,2020,2,04-01-2020
ED1005,A002,4881226.68,2021,2,04-01-2021
ED1005,A002,4284607,2024,4,10-01-2024
ED1010,A002,2748061.8,2021,4,10-01-2021
ED1009,A002,4246886.7,2019,4,10-01-2019
ED1009,A002,1005833,2022,2,04-01-2022
ED1010,A002,3397133,2021,2,04-01-2021
ED1008,A002,4234838,2023,4,10-01-2023
ED1003,A002,3664114,2024,1,01-01-2024
ED1001,A002,4576141.92,2021,3,07-01-2021
ED1004,A002,1570853,2020,1,01-01-2020
ED1006,A002,1020089.09,2023,4,10-01-2023
ED1009,A002,4660210,2020,2,04-01-2020
ED1007,A002,2425602,2022,2,04-01-2022
ED1001,A002,2483459,2023,2,04-01-2023
ED1005,A002,2500877,2019,3,07-01-2019
ED1001,A002,4435378,2019,1,01-01-2019
ED1010,A002,1990495,2020,4,10-01-2020
ED1008,A002,4624074,2024,1,01-01-2024
ED1005,A002,4129239,2023,4,10-01-2023
ED1009,A002,1654700,2021,1,01-01-2021
ED1003,A002,1018665.64,2020,4,10-01-2020
ED1010,A002,2398271,2023,3,07-01-2023
ED1008,A002,1676873,2019,1,01-01-2019
ED1004,A002,3087268,2021,2,04-01-2021
ED1001,A002,4345930.8,2023,4,10-01-2023
ED1003,A002,1360385.77,2020,2,04-01-2020
ED1002,A002,3263186,2023,4,10-01-2023
ED1010,A002,1423124.64,2020,2,04-01-2020
ED1002,A002,1599170,2021,2,04-01-2021
ED1007,A002,4981620,2019,2,04-01-2019
ED1002,A004,1268118,2020,1,01-01-2020
ED1009,A004,2924089,2023,2,04-01-2023
ED1007,A004,4539802,2020,1,01-01-2020
ED1002,A004,1020381,2024,1,01-01-2024
ED1006,A004,4384750,2019,2,04-01-2019
ED1006,A004,4843897,2020,2,04-01-2020
ED1008,A004,3051940,2024,3,07-01-2024
ED1010,A004,3119807,2024,2,04-01-2024
ED1009,A004,2322072.9,2020,4,10-01-2020
ED1008,A004,2501403,2021,2,04-01-2021
ED1002,A004,2639961,2021,1,01-01-2021
ED1009,A004,2947293,2020,3,07-01-2020
ED1007,A004,1153858,2024,4,10-01-2024
ED1002,A004,2528929,2019,2,04-01-2019
ED1002,A004,4720623,2022,1,01-01-2022
ED1010,A004,2246906,2024,3,07-01-2024
ED1005,A004,1504718.1,2024,2,04-01-2024
ED1005,A004,4702462.94,2024,4,10-01-2024
ED1010,A004,3321909,2019,4,10-01-2019
ED1002,A004,3227168,2022,4,10-01-2022
ED1008,A004,1722331,2019,4,10-01-2019
ED1009,A004,4958821,2019,2,04-01-2019
ED1001,A004,1657516,2021,3,07-01-2021
ED1001,A004,3845449,2024,4,10-01-2024
ED1001,A004,1070238.6,2022,3,07-01-2022
ED1009,A004,1217388.6,2020,1,01-01-2020
ED1004,A004,3832278,2019,2,04-01-2019
ED1008,A004,3682481.75,2023,1,01-01-2023
ED1010,A004,1583347,2024,1,01-01-2024
ED1003,A004,4027566.6,2023,3,07-01-2023
ED1007,A004,4017641,2024,4,10-01-2024
ED1009,A004,4704138,2024,3,07-01-2024
ED1001,A004,4760181,2023,3,07-01-2023
ED1003,A004,4967293,2020,1,01-01-2020
ED1002,A004,3136084,2019,4,10-01-2019
ED1009,A004,1729353,2019,1,01-01-2019
ED1009,A004,4877131,2020,1,01-01-2020
ED1003,A004,3996707,2024,1,01-01-2024
ED1004,A004,2320062,2022,2,04-01-2022
ED1005,A004,4816160,2024,2,04-01-2024
ED1003,A004,4537278,2023,2,04-01-2023
ED1010,A004,3929365.25,2021,1,01-01-2021
ED1003,A004,2155154,2020,3,07-01-2020
ED1009,A004,1464311,2023,3,07-01-2023
ED1008,A004,1460599,2021,3,07-01-2021
ED1002,A004,4838223,2022,3,07-01-2022
ED1008,A004,2521142,2022,4,10-01-2022
ED1001,A004,1225358,2022,3,07-01-2022
ED1008,A004,1226027.86,2023,2,04-01-2023
ED1005,A004,3497029.04,2022,1,01-01-2022
ED1004,A004,4266866,2024,4,10-01-2024
ED1010,A004,1241017,2019,1,01-01-2019
ED1009,A004,4788760,2022,4,10-01-2022
ED1009,A004,1291000,2023,4,10-01-2023
ED1006,A004,3708369,2024,1,01-01-2024
ED1002,A004,4715699,2019,3,07-01-2019
ED1001,A004,4191570,2020,2,04-01-2020
ED1007,A004,3893407.99,2020,1,01-01-2020
ED1005,A004,1017450,2022,4,10-01-2022
ED1006,A004,1880550.9,2024,4,10-01-2024
ED1002,A004,4202938,2020,4,10-01-2020
ED1003,A004,1446422,2019,4,10-01-2019
ED1001,A004,3134304,2024,3,07-01-2024
ED1003,A004,2253751,2022,3,07-01-2022
ED1004,A004,3012509,2020,3,07-01-2020
ED1001,A004,1157667,2019,1,01-01-2019
ED1006,A004,4269401,2019,4,10-01-2019
ED1003,A004,2413828.8,2019,1,01-01-2019
ED1006,A004,3214370.88,2023,2,04-01-2023
ED1008,A004,1861143.3,2020,3,07-01-2020
ED1005,A004,2346714,2020,4,10-01-2020
ED1001,A004,1700429,2022,4,10-01-2022
ED1008,A004,1943532,2021,4,10-01-2021
ED1002,A004,4963311.9,2021,2,04-01-2021
ED1009,A004,3795400,2022,2,04-01-2022
ED1008,A004,1139960,2024,2,04-01-2024
ED1008,A004,3167891,2020,1,01-01-2020
ED1005,A004,2067307,2021,4,10-01-2021
ED1002,A004,1736314,2024,4,10-01-2024
ED1005,A004,3124393,2024,3,07-01-2024
ED1004,A004,3464732,2023,3,07-01-2023
ED1010,A004,2331273,2023,1,01-01-2023
ED1004,A004,3762752,2024,2,04-01-2024
ED1005,A004,4560605,2021,4,10-01-2021
ED1010,A004,3171928,2022,2,04-01-2022
ED1010,A004,2032409.7,2023,4,10-01-2023
ED1001,A004,2257381,2022,4,10-01-2022
ED1006,A004,1448247,2024,3,07-01-2024
ED1001,A004,2173878,2019,2,04-01-2019
ED1005,A004,2267404,2021,2,04-01-2021
ED1010,A004,3061306,2020,2,04-01-2020
ED1006,A004,3492233.1,2020,1,01-01-2020
ED1007,A004,3862439,2021,1,01-01-2021
ED1010,A004,4980925,2020,4,10-01-2020
ED1007,A004,3123927.9,2022,2,04-01-2022
ED1003,A004,2316140,2021,1,01-01-2021
ED1003,A004,4985211,2019,3,07-01-2019
ED1004,A004,3442364,2019,4,10-01-2019
ED1002,A004,2774162.95,2021,3,07-01-2021
ED1008,A004,3412001.7,2022,2,04-01-2022
ED1008,A004,4986784,2023,1,01-01-2023
ED1001,A004,2410985,2019,3,07-01-2019
ED1005,A004,4342961,2020,2,04-01-2020
ED1008,A004,2400998,2022,2,04-01-2022
ED1009,A004,3518483.71,2023,1,01-01-2023
ED1007,A004,2442969,2023,3,07-01-2023
ED1008,A004,4540171,2020,4,10-01-2020
ED1007,A004,3994862,2021,3,07-01-2021
ED1004,A004,4408072,2024,2,04-01-2024
ED1010,A004,2062374.87,2019,3,07-01-2019
ED1002,A004,3894529,2022,2,04-01-2022
ED1008,A004,1714777,2024,2,04-01-2024
ED1006,A004,2848489,2020,2,04-01-2020
ED1007,A004,1517489.83,2022,2,04-01-2022
ED1010,A004,3867490.41,2024,1,01-01-2024
ED1009,A004,1594201.75,2024,4,10-01-2024
ED1009,A004,2242517.24,2021,3,07-01-2021
ED1003,A004,2017027,2020,2,04-01-2020
ED1008,A004,1878059,2020,3,07-01-2020
ED1008,A004,1607664,2024,4,10-01-2024
ED1007,A004,1700195,2021,2,04-01-2021
ED1009,A004,3402477,2023,3,07-01-2023
ED1004,A004,2809027,2019,1,01-01-2019
ED1002,A004,4774237,2021,1,01-01-2021
ED1001,A004,2263040.65,2024,1,01-01-2024
ED1010,A004,2676505,2023,2,04-01-2023
ED1007,A004,2112519,2024,1,01-01-2024
ED1004,A004,2622090,2023,2,04-01-2023
ED1006,A004,1374359.65,2022,2,04-01-2022
ED1006,A004,4540957,2024,3,07-01-2024
ED1006,A004,4030737,2019,3,07-01-2019
ED1004,A004,3174602.4,2021,1,01-01-2021
ED1001,A004,3709171,2020,1,01-01-2020
ED1004,A004,2078245,2023,4,10-01-2023
ED1007,A004,1600593,2023,2,04-01-2023
ED1008,A004,4705301,2023,4,10-01-2023
ED1010,A004,2003505,2021,4,10-01-2021
ED1007,A004,3299324.7,2022,3,07-01-2022
ED1001,A004,1635330,2020,4,10-01-2020
ED1007,A004,2774254,2023,4,10-01-2023
ED1010,A004,3454438,2020,1,01-01-2020
ED1002,A004,3624128,2020,2,04-01-2020
ED1009,A004,4945671,2022,1,01-01-2022
ED1001,A004,1796584,2024,4,10-01-2024
ED1002,A004,3341770,2021,4,10-01-2021